appid,game,country_code,country,collected_at,currency,price_local,is_free,on_sale,discount_pct,available,exchange_rate,price_usd,ppp_factor,price_ppp,us_price_usd,price_ratio
1091500,Cyberpunk 2077,us,United States,2026-05-05T19:44:03.368288,USD,59.99,False,False,0,True,1.0,59.99,1.0,59.99,59.99,1.0
1091500,Cyberpunk 2077,cn,China,2026-05-05T19:44:05.302919,CNY,298.0,False,False,0,True,7.28,40.93,3.45,86.38,59.99,0.682
1091500,Cyberpunk 2077,de,Germany,2026-05-05T19:44:09.306098,EUR,59.99,False,False,0,True,0.92,65.21,0.77,77.91,59.99,1.087
1091500,Cyberpunk 2077,gb,United Kingdom,2026-05-05T19:44:11.052774,GBP,49.99,False,False,0,True,0.79,63.28,0.69,72.45,59.99,1.055
1091500,Cyberpunk 2077,jp,Japan,2026-05-05T19:44:12.801743,JPY,8778.0,False,False,0,True,145.2,60.45,93.0,94.39,59.99,1.008
1091500,Cyberpunk 2077,br,Brazil,2026-05-05T19:44:14.554925,BRL,199.9,False,False,0,True,5.05,39.58,2.32,86.16,59.99,0.66
1091500,Cyberpunk 2077,au,Australia,2026-05-05T19:44:16.262762,AUD,89.95,False,False,0,True,1.53,58.79,1.46,61.61,59.99,0.98
1091500,Cyberpunk 2077,tr,Turkey,2026-05-05T19:44:17.979621,USD,44.99,False,False,0,True,1.0,44.99,8.97,5.02,59.99,0.75
1091500,Cyberpunk 2077,in,India,2026-05-05T19:44:19.717321,INR,2999.0,False,False,0,True,83.4,35.96,22.5,133.29,59.99,0.599
1174180,Red Dead Redemption 2,us,United States,2026-05-05T19:44:21.397786,USD,59.99,False,False,0,True,1.0,59.99,1.0,59.99,59.99,1.0
1174180,Red Dead Redemption 2,cn,China,2026-05-05T19:44:23.491354,CNY,279.0,False,False,0,True,7.28,38.32,3.45,80.87,59.99,0.639
1174180,Red Dead Redemption 2,de,Germany,2026-05-05T19:44:27.534632,EUR,59.99,False,False,0,True,0.92,65.21,0.77,77.91,59.99,1.087
1174180,Red Dead Redemption 2,gb,United Kingdom,2026-05-05T19:44:29.478326,GBP,59.99,False,False,0,True,0.79,75.94,0.69,86.94,59.99,1.266
1174180,Red Dead Redemption 2,jp,Japan,2026-05-05T19:44:31.179066,JPY,8618.0,False,False,0,True,145.2,59.35,93.0,92.67,59.99,0.989
1174180,Red Dead Redemption 2,br,Brazil,2026-05-05T19:44:32.864012,BRL,299.9,False,False,0,True,5.05,59.39,2.32,129.27,59.99,0.99
1174180,Red Dead Redemption 2,au,Australia,2026-05-05T19:44:34.555621,AUD,89.95,False,False,0,True,1.53,58.79,1.46,61.61,59.99,0.98
1174180,Red Dead Redemption 2,tr,Turkey,2026-05-05T19:44:36.301688,USD,59.99,False,False,0,True,1.0,59.99,8.97,6.69,59.99,1.0
1174180,Red Dead Redemption 2,in,India,2026-05-05T19:44:38.111811,INR,4999.0,False,False,0,True,83.4,59.94,22.5,222.18,59.99,0.999
1245620,Elden Ring,us,United States,2026-05-05T19:44:40.236564,USD,59.99,False,False,0,True,1.0,59.99,1.0,59.99,59.99,1.0
1245620,Elden Ring,cn,China,2026-05-05T19:44:41.967341,CNY,298.0,False,False,0,True,7.28,40.93,3.45,86.38,59.99,0.682
1245620,Elden Ring,ru,Russia,2026-05-05T19:44:44.019080,RUB,3599.0,False,False,0,True,81.5,44.16,24.1,149.34,59.99,0.736
1245620,Elden Ring,de,Germany,2026-05-05T19:44:45.939935,EUR,59.99,False,False,0,True,0.92,65.21,0.77,77.91,59.99,1.087
1245620,Elden Ring,gb,United Kingdom,2026-05-05T19:44:47.859848,GBP,49.99,False,False,0,True,0.79,63.28,0.69,72.45,59.99,1.055
1245620,Elden Ring,jp,Japan,2026-05-05T19:44:50.005674,JPY,9020.0,False,False,0,True,145.2,62.12,93.0,96.99,59.99,1.036
1245620,Elden Ring,br,Brazil,2026-05-05T19:44:51.723739,BRL,274.5,False,False,0,True,5.05,54.36,2.32,118.32,59.99,0.906
1245620,Elden Ring,au,Australia,2026-05-05T19:44:53.492141,AUD,89.95,False,False,0,True,1.53,58.79,1.46,61.61,59.99,0.98
1245620,Elden Ring,tr,Turkey,2026-05-05T19:44:55.291789,USD,39.99,False,False,0,True,1.0,39.99,8.97,4.46,59.99,0.667
1245620,Elden Ring,in,India,2026-05-05T19:44:57.044016,INR,3599.0,False,False,0,True,83.4,43.15,22.5,159.96,59.99,0.719
1086940,Baldurs Gate 3,us,United States,2026-05-05T19:44:58.843880,USD,44.99,False,True,25,True,1.0,44.99,1.0,44.99,44.99,1.0
1086940,Baldurs Gate 3,cn,China,2026-05-05T19:45:00.690265,CNY,223.5,False,True,25,True,7.28,30.7,3.45,64.78,44.99,0.682
1086940,Baldurs Gate 3,ru,Russia,2026-05-05T19:45:02.437823,RUB,1499.0,False,True,25,True,81.5,18.39,24.1,62.2,44.99,0.409
1086940,Baldurs Gate 3,de,Germany,2026-05-05T19:45:04.292839,EUR,44.99,False,True,25,True,0.92,48.9,0.77,58.43,44.99,1.087
1086940,Baldurs Gate 3,gb,United Kingdom,2026-05-05T19:45:06.227042,GBP,37.49,False,True,25,True,0.79,47.46,0.69,54.33,44.99,1.055
1086940,Baldurs Gate 3,jp,Japan,2026-05-05T19:45:08.132344,JPY,6374.0,False,True,25,True,145.2,43.9,93.0,68.54,44.99,0.976
1086940,Baldurs Gate 3,br,Brazil,2026-05-05T19:45:10.115997,BRL,149.99,False,True,25,True,5.05,29.7,2.32,64.65,44.99,0.66
1086940,Baldurs Gate 3,au,Australia,2026-05-05T19:45:11.806647,AUD,67.46,False,True,25,True,1.53,44.09,1.46,46.21,44.99,0.98
1086940,Baldurs Gate 3,tr,Turkey,2026-05-05T19:45:13.538098,USD,26.24,False,True,25,True,1.0,26.24,8.97,2.93,44.99,0.583
1086940,Baldurs Gate 3,in,India,2026-05-05T19:45:15.264575,INR,2249.0,False,True,25,True,83.4,26.97,22.5,99.96,44.99,0.599
292030,The Witcher 3,us,United States,2026-05-05T19:45:17.109641,USD,39.99,False,False,0,True,1.0,39.99,1.0,39.99,39.99,1.0
292030,The Witcher 3,cn,China,2026-05-05T19:45:18.794659,CNY,149.0,False,False,0,True,7.28,20.47,3.45,43.19,39.99,0.512
292030,The Witcher 3,de,Germany,2026-05-05T19:45:22.254997,EUR,29.99,False,False,0,True,0.92,32.6,0.77,38.95,39.99,0.815
292030,The Witcher 3,gb,United Kingdom,2026-05-05T19:45:24.287373,GBP,24.99,False,False,0,True,0.79,31.63,0.69,36.22,39.99,0.791
292030,The Witcher 3,jp,Japan,2026-05-05T19:45:26.145775,JPY,5588.0,False,False,0,True,145.2,38.48,93.0,60.09,39.99,0.962
292030,The Witcher 3,br,Brazil,2026-05-05T19:45:28.307818,BRL,129.99,False,False,0,True,5.05,25.74,2.32,56.03,39.99,0.644
292030,The Witcher 3,au,Australia,2026-05-05T19:45:30.280968,AUD,59.99,False,False,0,True,1.53,39.21,1.46,41.09,39.99,0.98
292030,The Witcher 3,tr,Turkey,2026-05-05T19:45:32.075780,USD,29.99,False,False,0,True,1.0,29.99,8.97,3.34,39.99,0.75
292030,The Witcher 3,in,India,2026-05-05T19:45:33.819963,INR,1799.0,False,False,0,True,83.4,21.57,22.5,79.96,39.99,0.539
582010,Monster Hunter World,us,United States,2026-05-05T19:45:35.612414,USD,29.99,False,False,0,True,1.0,29.99,1.0,29.99,29.99,1.0
582010,Monster Hunter World,cn,China,2026-05-05T19:45:37.334349,CNY,148.0,False,False,0,True,7.28,20.33,3.45,42.9,29.99,0.678
582010,Monster Hunter World,de,Germany,2026-05-05T19:45:40.800247,EUR,29.99,False,False,0,True,0.92,32.6,0.77,38.95,29.99,1.087
582010,Monster Hunter World,gb,United Kingdom,2026-05-05T19:45:42.637567,GBP,24.98,False,False,0,True,0.79,31.62,0.69,36.2,29.99,1.054
582010,Monster Hunter World,jp,Japan,2026-05-05T19:45:45.022221,JPY,2990.0,False,False,0,True,145.2,20.59,93.0,32.15,29.99,0.687
582010,Monster Hunter World,br,Brazil,2026-05-05T19:45:46.944265,BRL,129.0,False,False,0,True,5.05,25.54,2.32,55.6,29.99,0.852
582010,Monster Hunter World,au,Australia,2026-05-05T19:45:48.827342,AUD,44.94,False,False,0,True,1.53,29.37,1.46,30.78,29.99,0.979
582010,Monster Hunter World,tr,Turkey,2026-05-05T19:45:50.825673,USD,22.49,False,False,0,True,1.0,22.49,8.97,2.51,29.99,0.75
582010,Monster Hunter World,in,India,2026-05-05T19:45:52.672725,INR,1997.0,False,False,0,True,83.4,23.94,22.5,88.76,29.99,0.798
374320,Dark Souls III,us,United States,2026-05-05T19:45:54.424316,USD,59.99,False,False,0,True,1.0,59.99,1.0,59.99,59.99,1.0
374320,Dark Souls III,cn,China,2026-05-05T19:45:56.130853,CNY,268.0,False,False,0,True,7.28,36.81,3.45,77.68,59.99,0.614
374320,Dark Souls III,ru,Russia,2026-05-05T19:45:57.839455,RUB,2399.0,False,False,0,True,81.5,29.44,24.1,99.54,59.99,0.491
374320,Dark Souls III,de,Germany,2026-05-05T19:45:59.616429,EUR,59.99,False,False,0,True,0.92,65.21,0.77,77.91,59.99,1.087
374320,Dark Souls III,gb,United Kingdom,2026-05-05T19:46:01.351970,GBP,39.99,False,False,0,True,0.79,50.62,0.69,57.96,59.99,0.844
374320,Dark Souls III,jp,Japan,2026-05-05T19:46:03.104837,JPY,5940.0,False,False,0,True,145.2,40.91,93.0,63.87,59.99,0.682
374320,Dark Souls III,br,Brazil,2026-05-05T19:46:05.191811,BRL,229.9,False,False,0,True,5.05,45.52,2.32,99.09,59.99,0.759
374320,Dark Souls III,au,Australia,2026-05-05T19:46:07.052972,AUD,84.95,False,False,0,True,1.53,55.52,1.46,58.18,59.99,0.925
374320,Dark Souls III,tr,Turkey,2026-05-05T19:46:08.902238,USD,39.99,False,False,0,True,1.0,39.99,8.97,4.46,59.99,0.667
374320,Dark Souls III,in,India,2026-05-05T19:46:11.066765,INR,4299.0,False,False,0,True,83.4,51.55,22.5,191.07,59.99,0.859
814380,Sekiro,us,United States,2026-05-05T19:46:12.777346,USD,59.99,False,False,0,True,1.0,59.99,1.0,59.99,59.99,1.0
814380,Sekiro,cn,China,2026-05-05T19:46:14.479566,CNY,268.0,False,False,0,True,7.28,36.81,3.45,77.68,59.99,0.614
814380,Sekiro,de,Germany,2026-05-05T19:46:17.968785,EUR,59.99,False,False,0,True,0.92,65.21,0.77,77.91,59.99,1.087
814380,Sekiro,gb,United Kingdom,2026-05-05T19:46:19.710029,GBP,49.9,False,False,0,True,0.79,63.16,0.69,72.32,59.99,1.053
814380,Sekiro,jp,Japan,2026-05-05T19:46:21.431409,JPY,8360.0,False,False,0,True,145.2,57.58,93.0,89.89,59.99,0.96
814380,Sekiro,br,Brazil,2026-05-05T19:46:23.126571,BRL,274.0,False,False,0,True,5.05,54.26,2.32,118.1,59.99,0.904
814380,Sekiro,au,Australia,2026-05-05T19:46:25.112978,AUD,89.95,False,False,0,True,1.53,58.79,1.46,61.61,59.99,0.98
814380,Sekiro,tr,Turkey,2026-05-05T19:46:27.087374,USD,59.99,False,False,0,True,1.0,59.99,8.97,6.69,59.99,1.0
814380,Sekiro,in,India,2026-05-05T19:46:29.033902,INR,4997.0,False,False,0,True,83.4,59.92,22.5,222.09,59.99,0.999
990080,Hogwarts Legacy,us,United States,2026-05-05T19:46:31.024452,USD,59.99,False,False,0,True,1.0,59.99,1.0,59.99,59.99,1.0
990080,Hogwarts Legacy,cn,China,2026-05-05T19:46:32.797704,CNY,384.0,False,False,0,True,7.28,52.75,3.45,111.3,59.99,0.879
990080,Hogwarts Legacy,de,Germany,2026-05-05T19:46:36.238562,EUR,59.99,False,False,0,True,0.92,65.21,0.77,77.91,59.99,1.087
990080,Hogwarts Legacy,gb,United Kingdom,2026-05-05T19:46:38.008145,GBP,49.99,False,False,0,True,0.79,63.28,0.69,72.45,59.99,1.055
990080,Hogwarts Legacy,jp,Japan,2026-05-05T19:46:39.834427,JPY,8778.0,False,False,0,True,145.2,60.45,93.0,94.39,59.99,1.008
990080,Hogwarts Legacy,br,Brazil,2026-05-05T19:46:41.564098,BRL,249.99,False,False,0,True,5.05,49.5,2.32,107.75,59.99,0.825
990080,Hogwarts Legacy,au,Australia,2026-05-05T19:46:43.522693,AUD,89.95,False,False,0,True,1.53,58.79,1.46,61.61,59.99,0.98
990080,Hogwarts Legacy,tr,Turkey,2026-05-05T19:46:45.472809,USD,59.99,False,False,0,True,1.0,59.99,8.97,6.69,59.99,1.0
990080,Hogwarts Legacy,in,India,2026-05-05T19:46:47.528331,INR,3999.0,False,False,0,True,83.4,47.95,22.5,177.73,59.99,0.799
2050650,Resident Evil 4 Remake,us,United States,2026-05-05T19:46:49.632259,USD,39.99,False,False,0,True,1.0,39.99,1.0,39.99,39.99,1.0
2050650,Resident Evil 4 Remake,cn,China,2026-05-05T19:46:51.525007,CNY,198.0,False,False,0,True,7.28,27.2,3.45,57.39,39.99,0.68
2050650,Resident Evil 4 Remake,de,Germany,2026-05-05T19:46:54.966607,EUR,39.99,False,False,0,True,0.92,43.47,0.77,51.94,39.99,1.087
2050650,Resident Evil 4 Remake,gb,United Kingdom,2026-05-05T19:46:56.693215,GBP,34.99,False,False,0,True,0.79,44.29,0.69,50.71,39.99,1.108
2050650,Resident Evil 4 Remake,jp,Japan,2026-05-05T19:46:58.516215,JPY,4990.0,False,False,0,True,145.2,34.37,93.0,53.66,39.99,0.859
2050650,Resident Evil 4 Remake,br,Brazil,2026-05-05T19:47:00.334028,BRL,169.0,False,False,0,True,5.05,33.47,2.32,72.84,39.99,0.837
2050650,Resident Evil 4 Remake,au,Australia,2026-05-05T19:47:02.021573,AUD,59.95,False,False,0,True,1.53,39.18,1.46,41.06,39.99,0.98
2050650,Resident Evil 4 Remake,tr,Turkey,2026-05-05T19:47:03.861045,USD,29.99,False,False,0,True,1.0,29.99,8.97,3.34,39.99,0.75
2050650,Resident Evil 4 Remake,in,India,2026-05-05T19:47:05.916037,INR,2497.0,False,False,0,True,83.4,29.94,22.5,110.98,39.99,0.749
1817070,Spider-Man Remastered,us,United States,2026-05-05T19:47:07.903186,USD,59.99,False,False,0,True,1.0,59.99,1.0,59.99,59.99,1.0
1817070,Spider-Man Remastered,cn,China,2026-05-05T19:47:09.790055,CNY,414.0,False,False,0,True,7.28,56.87,3.45,120.0,59.99,0.948
1817070,Spider-Man Remastered,de,Germany,2026-05-05T19:47:13.704358,EUR,59.99,False,False,0,True,0.92,65.21,0.77,77.91,59.99,1.087
1817070,Spider-Man Remastered,gb,United Kingdom,2026-05-05T19:47:15.466664,GBP,49.99,False,False,0,True,0.79,63.28,0.69,72.45,59.99,1.055
1817070,Spider-Man Remastered,jp,Japan,2026-05-05T19:47:17.162681,JPY,7590.0,False,False,0,True,145.2,52.27,93.0,81.61,59.99,0.871
1817070,Spider-Man Remastered,br,Brazil,2026-05-05T19:47:19.076095,BRL,249.9,False,False,0,True,5.05,49.49,2.32,107.72,59.99,0.825
1817070,Spider-Man Remastered,au,Australia,2026-05-05T19:47:20.982121,AUD,94.95,False,False,0,True,1.53,62.06,1.46,65.03,59.99,1.035
1817070,Spider-Man Remastered,tr,Turkey,2026-05-05T19:47:22.656878,USD,59.99,False,False,0,True,1.0,59.99,8.97,6.69,59.99,1.0
1817070,Spider-Man Remastered,in,India,2026-05-05T19:47:24.470591,INR,3999.0,False,False,0,True,83.4,47.95,22.5,177.73,59.99,0.799
1593500,God of War,us,United States,2026-05-05T19:47:26.393441,USD,49.99,False,False,0,True,1.0,49.99,1.0,49.99,49.99,1.0
1593500,God of War,cn,China,2026-05-05T19:47:28.325179,CNY,345.0,False,False,0,True,7.28,47.39,3.45,100.0,49.99,0.948
1593500,God of War,de,Germany,2026-05-05T19:47:32.203503,EUR,49.99,False,False,0,True,0.92,54.34,0.77,64.92,49.99,1.087
1593500,God of War,gb,United Kingdom,2026-05-05T19:47:33.965208,GBP,39.99,False,False,0,True,0.79,50.62,0.69,57.96,49.99,1.013
1593500,God of War,jp,Japan,2026-05-05T19:47:35.695615,JPY,6490.0,False,False,0,True,145.2,44.7,93.0,69.78,49.99,0.894
1593500,God of War,br,Brazil,2026-05-05T19:47:37.425139,BRL,199.9,False,False,0,True,5.05,39.58,2.32,86.16,49.99,0.792
1593500,God of War,au,Australia,2026-05-05T19:47:39.123151,AUD,74.95,False,False,0,True,1.53,48.99,1.46,51.34,49.99,0.98
1593500,God of War,tr,Turkey,2026-05-05T19:47:40.828449,USD,49.99,False,False,0,True,1.0,49.99,8.97,5.57,49.99,1.0
1593500,God of War,in,India,2026-05-05T19:47:42.546819,INR,3299.0,False,False,0,True,83.4,39.56,22.5,146.62,49.99,0.791
1145360,Hades,us,United States,2026-05-05T19:47:44.458331,USD,24.99,False,False,0,True,1.0,24.99,1.0,24.99,24.99,1.0
1145360,Hades,cn,China,2026-05-05T19:47:46.504304,CNY,92.0,False,False,0,True,7.28,12.64,3.45,26.67,24.99,0.506
1145360,Hades,ru,Russia,2026-05-05T19:47:48.547246,RUB,880.0,False,False,0,True,81.5,10.8,24.1,36.51,24.99,0.432
1145360,Hades,de,Germany,2026-05-05T19:47:50.651573,EUR,24.5,False,False,0,True,0.92,26.63,0.77,31.82,24.99,1.066
1145360,Hades,gb,United Kingdom,2026-05-05T19:47:52.801955,GBP,20.99,False,False,0,True,0.79,26.57,0.69,30.42,24.99,1.063
1145360,Hades,jp,Japan,2026-05-05T19:47:54.565504,JPY,2800.0,False,False,0,True,145.2,19.28,93.0,30.11,24.99,0.772
1145360,Hades,br,Brazil,2026-05-05T19:47:56.296737,BRL,73.99,False,False,0,True,5.05,14.65,2.32,31.89,24.99,0.586
1145360,Hades,au,Australia,2026-05-05T19:47:58.095761,AUD,36.5,False,False,0,True,1.53,23.86,1.46,25.0,24.99,0.955
1145360,Hades,tr,Turkey,2026-05-05T19:47:59.790226,USD,8.25,False,False,0,True,1.0,8.25,8.97,0.92,24.99,0.33
1145360,Hades,in,India,2026-05-05T19:48:01.506139,INR,1100.0,False,False,0,True,83.4,13.19,22.5,48.89,24.99,0.528
413150,Stardew Valley,us,United States,2026-05-05T19:48:03.307546,USD,14.99,False,False,0,True,1.0,14.99,1.0,14.99,14.99,1.0
413150,Stardew Valley,cn,China,2026-05-05T19:48:05.204189,CNY,48.0,False,False,0,True,7.28,6.59,3.45,13.91,14.99,0.44
413150,Stardew Valley,ru,Russia,2026-05-05T19:48:07.283640,RUB,299.0,False,False,0,True,81.5,3.67,24.1,12.41,14.99,0.245
413150,Stardew Valley,de,Germany,2026-05-05T19:48:09.176857,EUR,13.99,False,False,0,True,0.92,15.21,0.77,18.17,14.99,1.015
413150,Stardew Valley,gb,United Kingdom,2026-05-05T19:48:11.649279,GBP,10.99,False,False,0,True,0.79,13.91,0.69,15.93,14.99,0.928
413150,Stardew Valley,jp,Japan,2026-05-05T19:48:13.655407,JPY,1480.0,False,False,0,True,145.2,10.19,93.0,15.91,14.99,0.68
413150,Stardew Valley,br,Brazil,2026-05-05T19:48:15.379525,BRL,24.99,False,False,0,True,5.05,4.95,2.32,10.77,14.99,0.33
413150,Stardew Valley,au,Australia,2026-05-05T19:48:17.168493,AUD,16.99,False,False,0,True,1.53,11.1,1.46,11.64,14.99,0.74
413150,Stardew Valley,tr,Turkey,2026-05-05T19:48:18.892746,USD,5.99,False,False,0,True,1.0,5.99,8.97,0.67,14.99,0.4
413150,Stardew Valley,in,India,2026-05-05T19:48:20.612408,INR,479.0,False,False,0,True,83.4,5.74,22.5,21.29,14.99,0.383
367520,Hollow Knight,us,United States,2026-05-05T19:48:22.533702,USD,14.99,False,False,0,True,1.0,14.99,1.0,14.99,14.99,1.0
367520,Hollow Knight,cn,China,2026-05-05T19:48:24.256833,CNY,58.0,False,False,0,True,7.28,7.97,3.45,16.81,14.99,0.532
367520,Hollow Knight,ru,Russia,2026-05-05T19:48:26.130734,RUB,550.0,False,False,0,True,81.5,6.75,24.1,22.82,14.99,0.45
367520,Hollow Knight,de,Germany,2026-05-05T19:48:28.409051,EUR,14.79,False,False,0,True,0.92,16.08,0.77,19.21,14.99,1.073
367520,Hollow Knight,gb,United Kingdom,2026-05-05T19:48:30.121795,GBP,12.79,False,False,0,True,0.79,16.19,0.69,18.54,14.99,1.08
367520,Hollow Knight,jp,Japan,2026-05-05T19:48:32.178369,JPY,1700.0,False,False,0,True,145.2,11.71,93.0,18.28,14.99,0.781
367520,Hollow Knight,br,Brazil,2026-05-05T19:48:34.124625,BRL,46.99,False,False,0,True,5.05,9.3,2.32,20.25,14.99,0.62
367520,Hollow Knight,au,Australia,2026-05-05T19:48:35.841717,AUD,21.95,False,False,0,True,1.53,14.35,1.46,15.03,14.99,0.957
367520,Hollow Knight,tr,Turkey,2026-05-05T19:48:37.560869,USD,5.99,False,False,0,True,1.0,5.99,8.97,0.67,14.99,0.4
367520,Hollow Knight,in,India,2026-05-05T19:48:39.382856,INR,690.0,False,False,0,True,83.4,8.27,22.5,30.67,14.99,0.552
945360,Among Us,us,United States,2026-05-05T19:48:41.119084,USD,4.99,False,False,0,True,1.0,4.99,1.0,4.99,4.99,1.0
945360,Among Us,cn,China,2026-05-05T19:48:42.875725,CNY,25.0,False,False,0,True,7.28,3.43,3.45,7.25,4.99,0.687
945360,Among Us,ru,Russia,2026-05-05T19:48:44.615378,RUB,225.0,False,False,0,True,81.5,2.76,24.1,9.34,4.99,0.553
945360,Among Us,de,Germany,2026-05-05T19:48:46.569079,EUR,4.49,False,False,0,True,0.92,4.88,0.77,5.83,4.99,0.978
945360,Among Us,gb,United Kingdom,2026-05-05T19:48:48.735917,GBP,3.99,False,False,0,True,0.79,5.05,0.69,5.78,4.99,1.012
945360,Among Us,jp,Japan,2026-05-05T19:48:50.777666,JPY,500.0,False,False,0,True,145.2,3.44,93.0,5.38,4.99,0.689
945360,Among Us,br,Brazil,2026-05-05T19:48:52.663804,BRL,14.99,False,False,0,True,5.05,2.97,2.32,6.46,4.99,0.595
945360,Among Us,au,Australia,2026-05-05T19:48:54.516085,AUD,7.49,False,False,0,True,1.53,4.9,1.46,5.13,4.99,0.982
945360,Among Us,tr,Turkey,2026-05-05T19:48:56.220382,USD,2.49,False,False,0,True,1.0,2.49,8.97,0.28,4.99,0.499
945360,Among Us,in,India,2026-05-05T19:48:57.935379,INR,229.0,False,False,0,True,83.4,2.75,22.5,10.18,4.99,0.551
812140,Assassins Creed Odyssey,us,United States,2026-05-05T19:48:59.684203,USD,59.99,False,False,0,True,1.0,59.99,1.0,59.99,59.99,1.0
812140,Assassins Creed Odyssey,cn,China,2026-05-05T19:49:01.386082,CNY,248.0,False,False,0,True,7.28,34.07,3.45,71.88,59.99,0.568
812140,Assassins Creed Odyssey,de,Germany,2026-05-05T19:49:05.015036,EUR,59.99,False,False,0,True,0.92,65.21,0.77,77.91,59.99,1.087
812140,Assassins Creed Odyssey,gb,United Kingdom,2026-05-05T19:49:07.094449,GBP,49.99,False,False,0,True,0.79,63.28,0.69,72.45,59.99,1.055
812140,Assassins Creed Odyssey,jp,Japan,2026-05-05T19:49:09.032045,JPY,9240.0,False,False,0,True,145.2,63.64,93.0,99.35,59.99,1.061
812140,Assassins Creed Odyssey,br,Brazil,2026-05-05T19:49:10.932871,BRL,179.99,False,False,0,True,5.05,35.64,2.32,77.58,59.99,0.594
812140,Assassins Creed Odyssey,au,Australia,2026-05-05T19:49:13.025361,AUD,89.95,False,False,0,True,1.53,58.79,1.46,61.61,59.99,0.98
812140,Assassins Creed Odyssey,tr,Turkey,2026-05-05T19:49:15.036563,USD,47.99,False,False,0,True,1.0,47.99,8.97,5.35,59.99,0.8
812140,Assassins Creed Odyssey,in,India,2026-05-05T19:49:17.413367,INR,2999.0,False,False,0,True,83.4,35.96,22.5,133.29,59.99,0.599
546560,Half-Life Alyx,us,United States,2026-05-05T19:49:19.109030,USD,59.99,False,False,0,True,1.0,59.99,1.0,59.99,59.99,1.0
546560,Half-Life Alyx,cn,China,2026-05-05T19:49:20.856189,CNY,198.0,False,False,0,True,7.28,27.2,3.45,57.39,59.99,0.453
546560,Half-Life Alyx,ru,Russia,2026-05-05T19:49:22.621981,RUB,1900.0,False,False,0,True,81.5,23.31,24.1,78.84,59.99,0.389
546560,Half-Life Alyx,de,Germany,2026-05-05T19:49:24.389901,EUR,58.99,False,False,0,True,0.92,64.12,0.77,76.61,59.99,1.069
546560,Half-Life Alyx,gb,United Kingdom,2026-05-05T19:49:26.225926,GBP,49.99,False,False,0,True,0.79,63.28,0.69,72.45,59.99,1.055
546560,Half-Life Alyx,jp,Japan,2026-05-05T19:49:28.250819,JPY,6500.0,False,False,0,True,145.2,44.77,93.0,69.89,59.99,0.746
546560,Half-Life Alyx,br,Brazil,2026-05-05T19:49:30.300012,BRL,162.0,False,False,0,True,5.05,32.08,2.32,69.83,59.99,0.535
546560,Half-Life Alyx,au,Australia,2026-05-05T19:49:32.167826,AUD,87.95,False,False,0,True,1.53,57.48,1.46,60.24,59.99,0.958
546560,Half-Life Alyx,tr,Turkey,2026-05-05T19:49:34.204960,USD,26.99,False,False,0,True,1.0,26.99,8.97,3.01,59.99,0.45
546560,Half-Life Alyx,in,India,2026-05-05T19:49:35.961826,INR,2400.0,False,False,0,True,83.4,28.78,22.5,106.67,59.99,0.48
1627720,Lies of P,us,United States,2026-05-05T19:49:37.661437,USD,29.99,False,True,50,True,1.0,29.99,1.0,29.99,29.99,1.0
1627720,Lies of P,cn,China,2026-05-05T19:49:39.461187,CNY,149.0,False,True,50,True,7.28,20.47,3.45,43.19,29.99,0.683
1627720,Lies of P,ru,Russia,2026-05-05T19:49:41.197410,RUB,1999.0,False,True,50,True,81.5,24.53,24.1,82.95,29.99,0.818
1627720,Lies of P,de,Germany,2026-05-05T19:49:42.956690,EUR,29.99,False,True,50,True,0.92,32.6,0.77,38.95,29.99,1.087
1627720,Lies of P,gb,United Kingdom,2026-05-05T19:49:44.777814,GBP,24.99,False,True,50,True,0.79,31.63,0.69,36.22,29.99,1.055
1627720,Lies of P,jp,Japan,2026-05-05T19:49:46.885861,JPY,4180.0,False,True,50,True,145.2,28.79,93.0,44.95,29.99,0.96
1627720,Lies of P,br,Brazil,2026-05-05T19:49:49.203099,BRL,124.95,False,True,50,True,5.05,24.74,2.32,53.86,29.99,0.825
1627720,Lies of P,au,Australia,2026-05-05T19:49:50.957811,AUD,44.97,False,True,50,True,1.53,29.39,1.46,30.8,29.99,0.98
1627720,Lies of P,tr,Turkey,2026-05-05T19:49:52.906425,USD,17.99,False,True,50,True,1.0,17.99,8.97,2.01,29.99,0.6
1627720,Lies of P,in,India,2026-05-05T19:49:54.891330,INR,1850.0,False,True,50,True,83.4,22.18,22.5,82.22,29.99,0.74
1426210,It Takes Two,us,United States,2026-05-05T19:49:56.795879,USD,13.99,False,True,65,True,1.0,13.99,1.0,13.99,13.99,1.0
1426210,It Takes Two,cn,China,2026-05-05T19:49:58.561779,CNY,69.3,False,True,65,True,7.28,9.52,3.45,20.09,13.99,0.68
1426210,It Takes Two,de,Germany,2026-05-05T19:50:02.421830,EUR,13.99,False,True,65,True,0.92,15.21,0.77,18.17,13.99,1.087
1426210,It Takes Two,gb,United Kingdom,2026-05-05T19:50:04.166201,GBP,12.24,False,True,65,True,0.79,15.49,0.69,17.74,13.99,1.107
1426210,It Takes Two,jp,Japan,2026-05-05T19:50:06.085772,JPY,1505.0,False,True,65,True,145.2,10.37,93.0,16.18,13.99,0.741
1426210,It Takes Two,br,Brazil,2026-05-05T19:50:08.063851,BRL,69.65,False,True,65,True,5.05,13.79,2.32,30.02,13.99,0.986
1426210,It Takes Two,au,Australia,2026-05-05T19:50:10.192358,AUD,17.48,False,True,65,True,1.53,11.42,1.46,11.97,13.99,0.816
1426210,It Takes Two,tr,Turkey,2026-05-05T19:50:12.256352,USD,13.99,False,True,65,True,1.0,13.99,8.97,1.56,13.99,1.0
1426210,It Takes Two,in,India,2026-05-05T19:50:14.418858,INR,769.0,False,True,65,True,83.4,9.22,22.5,34.18,13.99,0.659
