appid,game,country_code,country,collected_at,currency,price_local,is_free,on_sale,discount_pct,available
1091500,Cyberpunk 2077,us,United States,2026-05-05T19:44:03.368288,USD,59.99,False,False,0,True
1091500,Cyberpunk 2077,cn,China,2026-05-05T19:44:05.302919,CNY,298.0,False,False,0,True
1091500,Cyberpunk 2077,ru,Russia,2026-05-05T19:44:07.353269,RUB,,False,False,0,False
1091500,Cyberpunk 2077,de,Germany,2026-05-05T19:44:09.306098,EUR,59.99,False,False,0,True
1091500,Cyberpunk 2077,gb,United Kingdom,2026-05-05T19:44:11.052774,GBP,49.99,False,False,0,True
1091500,Cyberpunk 2077,jp,Japan,2026-05-05T19:44:12.801743,JPY,8778.0,False,False,0,True
1091500,Cyberpunk 2077,br,Brazil,2026-05-05T19:44:14.554925,BRL,199.9,False,False,0,True
1091500,Cyberpunk 2077,au,Australia,2026-05-05T19:44:16.262762,AUD,89.95,False,False,0,True
1091500,Cyberpunk 2077,tr,Turkey,2026-05-05T19:44:17.979621,USD,44.99,False,False,0,True
1091500,Cyberpunk 2077,in,India,2026-05-05T19:44:19.717321,INR,2999.0,False,False,0,True
1174180,Red Dead Redemption 2,us,United States,2026-05-05T19:44:21.397786,USD,59.99,False,False,0,True
1174180,Red Dead Redemption 2,cn,China,2026-05-05T19:44:23.491354,CNY,279.0,False,False,0,True
1174180,Red Dead Redemption 2,ru,Russia,2026-05-05T19:44:25.577160,RUB,,False,False,0,False
1174180,Red Dead Redemption 2,de,Germany,2026-05-05T19:44:27.534632,EUR,59.99,False,False,0,True
1174180,Red Dead Redemption 2,gb,United Kingdom,2026-05-05T19:44:29.478326,GBP,59.99,False,False,0,True
1174180,Red Dead Redemption 2,jp,Japan,2026-05-05T19:44:31.179066,JPY,8618.0,False,False,0,True
1174180,Red Dead Redemption 2,br,Brazil,2026-05-05T19:44:32.864012,BRL,299.9,False,False,0,True
1174180,Red Dead Redemption 2,au,Australia,2026-05-05T19:44:34.555621,AUD,89.95,False,False,0,True
1174180,Red Dead Redemption 2,tr,Turkey,2026-05-05T19:44:36.301688,USD,59.99,False,False,0,True
1174180,Red Dead Redemption 2,in,India,2026-05-05T19:44:38.111811,INR,4999.0,False,False,0,True
1245620,Elden Ring,us,United States,2026-05-05T19:44:40.236564,USD,59.99,False,False,0,True
1245620,Elden Ring,cn,China,2026-05-05T19:44:41.967341,CNY,298.0,False,False,0,True
1245620,Elden Ring,ru,Russia,2026-05-05T19:44:44.019080,RUB,3599.0,False,False,0,True
1245620,Elden Ring,de,Germany,2026-05-05T19:44:45.939935,EUR,59.99,False,False,0,True
1245620,Elden Ring,gb,United Kingdom,2026-05-05T19:44:47.859848,GBP,49.99,False,False,0,True
1245620,Elden Ring,jp,Japan,2026-05-05T19:44:50.005674,JPY,9020.0,False,False,0,True
1245620,Elden Ring,br,Brazil,2026-05-05T19:44:51.723739,BRL,274.5,False,False,0,True
1245620,Elden Ring,au,Australia,2026-05-05T19:44:53.492141,AUD,89.95,False,False,0,True
1245620,Elden Ring,tr,Turkey,2026-05-05T19:44:55.291789,USD,39.99,False,False,0,True
1245620,Elden Ring,in,India,2026-05-05T19:44:57.044016,INR,3599.0,False,False,0,True
1086940,Baldurs Gate 3,us,United States,2026-05-05T19:44:58.843880,USD,44.99,False,True,25,True
1086940,Baldurs Gate 3,cn,China,2026-05-05T19:45:00.690265,CNY,223.5,False,True,25,True
1086940,Baldurs Gate 3,ru,Russia,2026-05-05T19:45:02.437823,RUB,1499.0,False,True,25,True
1086940,Baldurs Gate 3,de,Germany,2026-05-05T19:45:04.292839,EUR,44.99,False,True,25,True
1086940,Baldurs Gate 3,gb,United Kingdom,2026-05-05T19:45:06.227042,GBP,37.49,False,True,25,True
1086940,Baldurs Gate 3,jp,Japan,2026-05-05T19:45:08.132344,JPY,6374.0,False,True,25,True
1086940,Baldurs Gate 3,br,Brazil,2026-05-05T19:45:10.115997,BRL,149.99,False,True,25,True
1086940,Baldurs Gate 3,au,Australia,2026-05-05T19:45:11.806647,AUD,67.46,False,True,25,True
1086940,Baldurs Gate 3,tr,Turkey,2026-05-05T19:45:13.538098,USD,26.24,False,True,25,True
1086940,Baldurs Gate 3,in,India,2026-05-05T19:45:15.264575,INR,2249.0,False,True,25,True
292030,The Witcher 3,us,United States,2026-05-05T19:45:17.109641,USD,39.99,False,False,0,True
292030,The Witcher 3,cn,China,2026-05-05T19:45:18.794659,CNY,149.0,False,False,0,True
292030,The Witcher 3,ru,Russia,2026-05-05T19:45:20.518074,RUB,,False,False,0,False
292030,The Witcher 3,de,Germany,2026-05-05T19:45:22.254997,EUR,29.99,False,False,0,True
292030,The Witcher 3,gb,United Kingdom,2026-05-05T19:45:24.287373,GBP,24.99,False,False,0,True
292030,The Witcher 3,jp,Japan,2026-05-05T19:45:26.145775,JPY,5588.0,False,False,0,True
292030,The Witcher 3,br,Brazil,2026-05-05T19:45:28.307818,BRL,129.99,False,False,0,True
292030,The Witcher 3,au,Australia,2026-05-05T19:45:30.280968,AUD,59.99,False,False,0,True
292030,The Witcher 3,tr,Turkey,2026-05-05T19:45:32.075780,USD,29.99,False,False,0,True
292030,The Witcher 3,in,India,2026-05-05T19:45:33.819963,INR,1799.0,False,False,0,True
582010,Monster Hunter World,us,United States,2026-05-05T19:45:35.612414,USD,29.99,False,False,0,True
582010,Monster Hunter World,cn,China,2026-05-05T19:45:37.334349,CNY,148.0,False,False,0,True
582010,Monster Hunter World,ru,Russia,2026-05-05T19:45:39.058848,RUB,,False,False,0,False
582010,Monster Hunter World,de,Germany,2026-05-05T19:45:40.800247,EUR,29.99,False,False,0,True
582010,Monster Hunter World,gb,United Kingdom,2026-05-05T19:45:42.637567,GBP,24.98,False,False,0,True
582010,Monster Hunter World,jp,Japan,2026-05-05T19:45:45.022221,JPY,2990.0,False,False,0,True
582010,Monster Hunter World,br,Brazil,2026-05-05T19:45:46.944265,BRL,129.0,False,False,0,True
582010,Monster Hunter World,au,Australia,2026-05-05T19:45:48.827342,AUD,44.94,False,False,0,True
582010,Monster Hunter World,tr,Turkey,2026-05-05T19:45:50.825673,USD,22.49,False,False,0,True
582010,Monster Hunter World,in,India,2026-05-05T19:45:52.672725,INR,1997.0,False,False,0,True
374320,Dark Souls III,us,United States,2026-05-05T19:45:54.424316,USD,59.99,False,False,0,True
374320,Dark Souls III,cn,China,2026-05-05T19:45:56.130853,CNY,268.0,False,False,0,True
374320,Dark Souls III,ru,Russia,2026-05-05T19:45:57.839455,RUB,2399.0,False,False,0,True
374320,Dark Souls III,de,Germany,2026-05-05T19:45:59.616429,EUR,59.99,False,False,0,True
374320,Dark Souls III,gb,United Kingdom,2026-05-05T19:46:01.351970,GBP,39.99,False,False,0,True
374320,Dark Souls III,jp,Japan,2026-05-05T19:46:03.104837,JPY,5940.0,False,False,0,True
374320,Dark Souls III,br,Brazil,2026-05-05T19:46:05.191811,BRL,229.9,False,False,0,True
374320,Dark Souls III,au,Australia,2026-05-05T19:46:07.052972,AUD,84.95,False,False,0,True
374320,Dark Souls III,tr,Turkey,2026-05-05T19:46:08.902238,USD,39.99,False,False,0,True
374320,Dark Souls III,in,India,2026-05-05T19:46:11.066765,INR,4299.0,False,False,0,True
814380,Sekiro,us,United States,2026-05-05T19:46:12.777346,USD,59.99,False,False,0,True
814380,Sekiro,cn,China,2026-05-05T19:46:14.479566,CNY,268.0,False,False,0,True
814380,Sekiro,ru,Russia,2026-05-05T19:46:16.268097,RUB,,False,False,0,False
814380,Sekiro,de,Germany,2026-05-05T19:46:17.968785,EUR,59.99,False,False,0,True
814380,Sekiro,gb,United Kingdom,2026-05-05T19:46:19.710029,GBP,49.9,False,False,0,True
814380,Sekiro,jp,Japan,2026-05-05T19:46:21.431409,JPY,8360.0,False,False,0,True
814380,Sekiro,br,Brazil,2026-05-05T19:46:23.126571,BRL,274.0,False,False,0,True
814380,Sekiro,au,Australia,2026-05-05T19:46:25.112978,AUD,89.95,False,False,0,True
814380,Sekiro,tr,Turkey,2026-05-05T19:46:27.087374,USD,59.99,False,False,0,True
814380,Sekiro,in,India,2026-05-05T19:46:29.033902,INR,4997.0,False,False,0,True
990080,Hogwarts Legacy,us,United States,2026-05-05T19:46:31.024452,USD,59.99,False,False,0,True
990080,Hogwarts Legacy,cn,China,2026-05-05T19:46:32.797704,CNY,384.0,False,False,0,True
990080,Hogwarts Legacy,ru,Russia,2026-05-05T19:46:34.493810,RUB,,False,False,0,False
990080,Hogwarts Legacy,de,Germany,2026-05-05T19:46:36.238562,EUR,59.99,False,False,0,True
990080,Hogwarts Legacy,gb,United Kingdom,2026-05-05T19:46:38.008145,GBP,49.99,False,False,0,True
990080,Hogwarts Legacy,jp,Japan,2026-05-05T19:46:39.834427,JPY,8778.0,False,False,0,True
990080,Hogwarts Legacy,br,Brazil,2026-05-05T19:46:41.564098,BRL,249.99,False,False,0,True
990080,Hogwarts Legacy,au,Australia,2026-05-05T19:46:43.522693,AUD,89.95,False,False,0,True
990080,Hogwarts Legacy,tr,Turkey,2026-05-05T19:46:45.472809,USD,59.99,False,False,0,True
990080,Hogwarts Legacy,in,India,2026-05-05T19:46:47.528331,INR,3999.0,False,False,0,True
2050650,Resident Evil 4 Remake,us,United States,2026-05-05T19:46:49.632259,USD,39.99,False,False,0,True
2050650,Resident Evil 4 Remake,cn,China,2026-05-05T19:46:51.525007,CNY,198.0,False,False,0,True
2050650,Resident Evil 4 Remake,ru,Russia,2026-05-05T19:46:53.229572,RUB,,False,False,0,False
2050650,Resident Evil 4 Remake,de,Germany,2026-05-05T19:46:54.966607,EUR,39.99,False,False,0,True
2050650,Resident Evil 4 Remake,gb,United Kingdom,2026-05-05T19:46:56.693215,GBP,34.99,False,False,0,True
2050650,Resident Evil 4 Remake,jp,Japan,2026-05-05T19:46:58.516215,JPY,4990.0,False,False,0,True
2050650,Resident Evil 4 Remake,br,Brazil,2026-05-05T19:47:00.334028,BRL,169.0,False,False,0,True
2050650,Resident Evil 4 Remake,au,Australia,2026-05-05T19:47:02.021573,AUD,59.95,False,False,0,True
2050650,Resident Evil 4 Remake,tr,Turkey,2026-05-05T19:47:03.861045,USD,29.99,False,False,0,True
2050650,Resident Evil 4 Remake,in,India,2026-05-05T19:47:05.916037,INR,2497.0,False,False,0,True
1817070,Spider-Man Remastered,us,United States,2026-05-05T19:47:07.903186,USD,59.99,False,False,0,True
1817070,Spider-Man Remastered,cn,China,2026-05-05T19:47:09.790055,CNY,414.0,False,False,0,True
1817070,Spider-Man Remastered,ru,Russia,2026-05-05T19:47:11.979304,RUB,,False,False,0,False
1817070,Spider-Man Remastered,de,Germany,2026-05-05T19:47:13.704358,EUR,59.99,False,False,0,True
1817070,Spider-Man Remastered,gb,United Kingdom,2026-05-05T19:47:15.466664,GBP,49.99,False,False,0,True
1817070,Spider-Man Remastered,jp,Japan,2026-05-05T19:47:17.162681,JPY,7590.0,False,False,0,True
1817070,Spider-Man Remastered,br,Brazil,2026-05-05T19:47:19.076095,BRL,249.9,False,False,0,True
1817070,Spider-Man Remastered,au,Australia,2026-05-05T19:47:20.982121,AUD,94.95,False,False,0,True
1817070,Spider-Man Remastered,tr,Turkey,2026-05-05T19:47:22.656878,USD,59.99,False,False,0,True
1817070,Spider-Man Remastered,in,India,2026-05-05T19:47:24.470591,INR,3999.0,False,False,0,True
1593500,God of War,us,United States,2026-05-05T19:47:26.393441,USD,49.99,False,False,0,True
1593500,God of War,cn,China,2026-05-05T19:47:28.325179,CNY,345.0,False,False,0,True
1593500,God of War,ru,Russia,2026-05-05T19:47:30.254333,RUB,,False,False,0,False
1593500,God of War,de,Germany,2026-05-05T19:47:32.203503,EUR,49.99,False,False,0,True
1593500,God of War,gb,United Kingdom,2026-05-05T19:47:33.965208,GBP,39.99,False,False,0,True
1593500,God of War,jp,Japan,2026-05-05T19:47:35.695615,JPY,6490.0,False,False,0,True
1593500,God of War,br,Brazil,2026-05-05T19:47:37.425139,BRL,199.9,False,False,0,True
1593500,God of War,au,Australia,2026-05-05T19:47:39.123151,AUD,74.95,False,False,0,True
1593500,God of War,tr,Turkey,2026-05-05T19:47:40.828449,USD,49.99,False,False,0,True
1593500,God of War,in,India,2026-05-05T19:47:42.546819,INR,3299.0,False,False,0,True
1145360,Hades,us,United States,2026-05-05T19:47:44.458331,USD,24.99,False,False,0,True
1145360,Hades,cn,China,2026-05-05T19:47:46.504304,CNY,92.0,False,False,0,True
1145360,Hades,ru,Russia,2026-05-05T19:47:48.547246,RUB,880.0,False,False,0,True
1145360,Hades,de,Germany,2026-05-05T19:47:50.651573,EUR,24.5,False,False,0,True
1145360,Hades,gb,United Kingdom,2026-05-05T19:47:52.801955,GBP,20.99,False,False,0,True
1145360,Hades,jp,Japan,2026-05-05T19:47:54.565504,JPY,2800.0,False,False,0,True
1145360,Hades,br,Brazil,2026-05-05T19:47:56.296737,BRL,73.99,False,False,0,True
1145360,Hades,au,Australia,2026-05-05T19:47:58.095761,AUD,36.5,False,False,0,True
1145360,Hades,tr,Turkey,2026-05-05T19:47:59.790226,USD,8.25,False,False,0,True
1145360,Hades,in,India,2026-05-05T19:48:01.506139,INR,1100.0,False,False,0,True
413150,Stardew Valley,us,United States,2026-05-05T19:48:03.307546,USD,14.99,False,False,0,True
413150,Stardew Valley,cn,China,2026-05-05T19:48:05.204189,CNY,48.0,False,False,0,True
413150,Stardew Valley,ru,Russia,2026-05-05T19:48:07.283640,RUB,299.0,False,False,0,True
413150,Stardew Valley,de,Germany,2026-05-05T19:48:09.176857,EUR,13.99,False,False,0,True
413150,Stardew Valley,gb,United Kingdom,2026-05-05T19:48:11.649279,GBP,10.99,False,False,0,True
413150,Stardew Valley,jp,Japan,2026-05-05T19:48:13.655407,JPY,1480.0,False,False,0,True
413150,Stardew Valley,br,Brazil,2026-05-05T19:48:15.379525,BRL,24.99,False,False,0,True
413150,Stardew Valley,au,Australia,2026-05-05T19:48:17.168493,AUD,16.99,False,False,0,True
413150,Stardew Valley,tr,Turkey,2026-05-05T19:48:18.892746,USD,5.99,False,False,0,True
413150,Stardew Valley,in,India,2026-05-05T19:48:20.612408,INR,479.0,False,False,0,True
367520,Hollow Knight,us,United States,2026-05-05T19:48:22.533702,USD,14.99,False,False,0,True
367520,Hollow Knight,cn,China,2026-05-05T19:48:24.256833,CNY,58.0,False,False,0,True
367520,Hollow Knight,ru,Russia,2026-05-05T19:48:26.130734,RUB,550.0,False,False,0,True
367520,Hollow Knight,de,Germany,2026-05-05T19:48:28.409051,EUR,14.79,False,False,0,True
367520,Hollow Knight,gb,United Kingdom,2026-05-05T19:48:30.121795,GBP,12.79,False,False,0,True
367520,Hollow Knight,jp,Japan,2026-05-05T19:48:32.178369,JPY,1700.0,False,False,0,True
367520,Hollow Knight,br,Brazil,2026-05-05T19:48:34.124625,BRL,46.99,False,False,0,True
367520,Hollow Knight,au,Australia,2026-05-05T19:48:35.841717,AUD,21.95,False,False,0,True
367520,Hollow Knight,tr,Turkey,2026-05-05T19:48:37.560869,USD,5.99,False,False,0,True
367520,Hollow Knight,in,India,2026-05-05T19:48:39.382856,INR,690.0,False,False,0,True
945360,Among Us,us,United States,2026-05-05T19:48:41.119084,USD,4.99,False,False,0,True
945360,Among Us,cn,China,2026-05-05T19:48:42.875725,CNY,25.0,False,False,0,True
945360,Among Us,ru,Russia,2026-05-05T19:48:44.615378,RUB,225.0,False,False,0,True
945360,Among Us,de,Germany,2026-05-05T19:48:46.569079,EUR,4.49,False,False,0,True
945360,Among Us,gb,United Kingdom,2026-05-05T19:48:48.735917,GBP,3.99,False,False,0,True
945360,Among Us,jp,Japan,2026-05-05T19:48:50.777666,JPY,500.0,False,False,0,True
945360,Among Us,br,Brazil,2026-05-05T19:48:52.663804,BRL,14.99,False,False,0,True
945360,Among Us,au,Australia,2026-05-05T19:48:54.516085,AUD,7.49,False,False,0,True
945360,Among Us,tr,Turkey,2026-05-05T19:48:56.220382,USD,2.49,False,False,0,True
945360,Among Us,in,India,2026-05-05T19:48:57.935379,INR,229.0,False,False,0,True
812140,Assassins Creed Odyssey,us,United States,2026-05-05T19:48:59.684203,USD,59.99,False,False,0,True
812140,Assassins Creed Odyssey,cn,China,2026-05-05T19:49:01.386082,CNY,248.0,False,False,0,True
812140,Assassins Creed Odyssey,ru,Russia,2026-05-05T19:49:03.103833,RUB,,False,False,0,False
812140,Assassins Creed Odyssey,de,Germany,2026-05-05T19:49:05.015036,EUR,59.99,False,False,0,True
812140,Assassins Creed Odyssey,gb,United Kingdom,2026-05-05T19:49:07.094449,GBP,49.99,False,False,0,True
812140,Assassins Creed Odyssey,jp,Japan,2026-05-05T19:49:09.032045,JPY,9240.0,False,False,0,True
812140,Assassins Creed Odyssey,br,Brazil,2026-05-05T19:49:10.932871,BRL,179.99,False,False,0,True
812140,Assassins Creed Odyssey,au,Australia,2026-05-05T19:49:13.025361,AUD,89.95,False,False,0,True
812140,Assassins Creed Odyssey,tr,Turkey,2026-05-05T19:49:15.036563,USD,47.99,False,False,0,True
812140,Assassins Creed Odyssey,in,India,2026-05-05T19:49:17.413367,INR,2999.0,False,False,0,True
546560,Half-Life Alyx,us,United States,2026-05-05T19:49:19.109030,USD,59.99,False,False,0,True
546560,Half-Life Alyx,cn,China,2026-05-05T19:49:20.856189,CNY,198.0,False,False,0,True
546560,Half-Life Alyx,ru,Russia,2026-05-05T19:49:22.621981,RUB,1900.0,False,False,0,True
546560,Half-Life Alyx,de,Germany,2026-05-05T19:49:24.389901,EUR,58.99,False,False,0,True
546560,Half-Life Alyx,gb,United Kingdom,2026-05-05T19:49:26.225926,GBP,49.99,False,False,0,True
546560,Half-Life Alyx,jp,Japan,2026-05-05T19:49:28.250819,JPY,6500.0,False,False,0,True
546560,Half-Life Alyx,br,Brazil,2026-05-05T19:49:30.300012,BRL,162.0,False,False,0,True
546560,Half-Life Alyx,au,Australia,2026-05-05T19:49:32.167826,AUD,87.95,False,False,0,True
546560,Half-Life Alyx,tr,Turkey,2026-05-05T19:49:34.204960,USD,26.99,False,False,0,True
546560,Half-Life Alyx,in,India,2026-05-05T19:49:35.961826,INR,2400.0,False,False,0,True
1627720,Lies of P,us,United States,2026-05-05T19:49:37.661437,USD,29.99,False,True,50,True
1627720,Lies of P,cn,China,2026-05-05T19:49:39.461187,CNY,149.0,False,True,50,True
1627720,Lies of P,ru,Russia,2026-05-05T19:49:41.197410,RUB,1999.0,False,True,50,True
1627720,Lies of P,de,Germany,2026-05-05T19:49:42.956690,EUR,29.99,False,True,50,True
1627720,Lies of P,gb,United Kingdom,2026-05-05T19:49:44.777814,GBP,24.99,False,True,50,True
1627720,Lies of P,jp,Japan,2026-05-05T19:49:46.885861,JPY,4180.0,False,True,50,True
1627720,Lies of P,br,Brazil,2026-05-05T19:49:49.203099,BRL,124.95,False,True,50,True
1627720,Lies of P,au,Australia,2026-05-05T19:49:50.957811,AUD,44.97,False,True,50,True
1627720,Lies of P,tr,Turkey,2026-05-05T19:49:52.906425,USD,17.99,False,True,50,True
1627720,Lies of P,in,India,2026-05-05T19:49:54.891330,INR,1850.0,False,True,50,True
1426210,It Takes Two,us,United States,2026-05-05T19:49:56.795879,USD,13.99,False,True,65,True
1426210,It Takes Two,cn,China,2026-05-05T19:49:58.561779,CNY,69.3,False,True,65,True
1426210,It Takes Two,ru,Russia,2026-05-05T19:50:00.536637,RUB,,False,False,0,False
1426210,It Takes Two,de,Germany,2026-05-05T19:50:02.421830,EUR,13.99,False,True,65,True
1426210,It Takes Two,gb,United Kingdom,2026-05-05T19:50:04.166201,GBP,12.24,False,True,65,True
1426210,It Takes Two,jp,Japan,2026-05-05T19:50:06.085772,JPY,1505.0,False,True,65,True
1426210,It Takes Two,br,Brazil,2026-05-05T19:50:08.063851,BRL,69.65,False,True,65,True
1426210,It Takes Two,au,Australia,2026-05-05T19:50:10.192358,AUD,17.48,False,True,65,True
1426210,It Takes Two,tr,Turkey,2026-05-05T19:50:12.256352,USD,13.99,False,True,65,True
1426210,It Takes Two,in,India,2026-05-05T19:50:14.418858,INR,769.0,False,True,65,True
